index,text,class
170,Выплата на содержание родных детей,TAX
91,Оплата за Бритва Gillette Blue II Plus одноразовая 5шт. по счету 89907031070916785605 от 13 июля 2023 Сумма 990-00,NON_FOOD_GOODS
80,"Паевой взнос в жилищно-строительный кооператив с целью приобретения права собственности на жилое помещение по адресу г. Сургут, Заречный пер., д. 17",REALE_STATE
163,За доставку ж/д транспортом из г. Одинцово в г. Бийск по договору №Г01270/67 от 05 июня 2023,SERVICE
397,За юридические услуги по договору №78-01311 от 04 января 2026,SERVICE
152,За медицинское обслуживание по договору №02604Е от 05 сентября 2024г,SERVICE
445,Оплата государственной пошлины,TAX
66,Оплата за Пакет Rose ButterFly с пластиковыми ручками в ассортименте по счету 31785844389451119758 от 09.05.2028 Сумма 1550.00,NON_FOOD_GOODS
379,"Оплата Дог №Е-00770/26 от 10.03.2024г, согл. Сч 0107-27 от 2024.06.13 оплата за сброс загрязняющих веществ",NOT_CLASSIFIED
314,"Гашение процентов за кредит по Договору №232 22.01.2027 с ОАО ""Второй банк""",BANK_SERVICE
129,государственная пошлина,TAX
225,Оплата по договору процентного займа №Б-00632/01 от 21.03.2024 г.. Без НДС,LOAN
327,"Оплата Дог №00820Б от 22.06.2020г, согл. Сч 0213-27 от 07 ноября 2024 оплата за сброс загрязняющих веществ",NOT_CLASSIFIED
144,"Оплата по договору 96.056729-ЕЕ от 25.01.2026 г., счету 0545 от 25.01.2026 г. за мясные деликатесы. Сумма 27300.00 В т.ч. НДС 20% 4550.0",FOOD_GOODS
220,Доплата по счету №03024Б от 03/09/2023г. аренда помещения в марта 2024 г. Договор 23.482403-ББ от 05 апреля 2025,REALE_STATE
229,"Оплата за Зелёный чай по счету 75938783824273647164 от 27/03/2027г. Сумма 940,00",FOOD_GOODS
472,За доставку по железной дороге из г. Копейск в г. Волжский по договору №29-01625 от 26.12.2026г,SERVICE
175,За медицинское обслуживание по договору №74Б-00205 от 19.11.2028,SERVICE
114,Оплата за Текстиль для дома по счету 03196840488291661462 от 07 ноября 2023 г. Сумма 4460.00,NON_FOOD_GOODS
171,Оплата за Мармелад Mix Bar жевательный со вкусом колы 70г по счету 18346583302914391886 от 19.08.2028г. Сумма 980-00,FOOD_GOODS
151,"Оплата за Драже M&M's с арахисом в ассортименте 45г по счету 59293450835231554739 от 16.04.2025г Сумма 3550,00",FOOD_GOODS
440,За медицинское обслуживание по договору №Г00120/72 от 31/05/2024г.,SERVICE
92,9й лизинговый платеж по договору №15-04968 от 06.02.2023 г.. В т.ч. НДС(20%) 730000-00,LEASING
436,Счет на оплату № 0499 от 07.12.2023гг.МКР для фильтрпресса. Сумма 12000.00В т.ч. НДС(20%) 2000.0,NON_FOOD_GOODS
127,Покупка продовольственных товаров,FOOD_GOODS
214,Оплата за Шиповник и кисель по счету 97266263445215645064 от 20 ноября 2026г Сумма 3100-00,FOOD_GOODS
412,За медицинское обслуживание по договору №Е01964/14 от 02 октября 2026г,SERVICE
156,Перевод средств на собственный счет,NOT_CLASSIFIED
401,За юридические услуги по договору №47-00165А от 15.06.2028 г.,SERVICE
186,Оплата за Кактусы и суккуленты категории по счету 86616433318077302975 от 16.11.2025 г. Сумма 680-00,NON_FOOD_GOODS
48,Оплата за Аэрозоль Mosquitall Профессиональная защита от всех насекомых 150мл по счету 82119020680502749541 от 31.08.2025 г. Сумма 3340-00,NON_FOOD_GOODS
298,Перевод себе,NOT_CLASSIFIED
483,Комиссия за выполнение функций агента валютного контроля по операциям в рамках контракта или кредитного обслуживания,BANK_SERVICE
489,За юридические услуги по договору №13-01400 от 26 июня 2026 г.,SERVICE
418,Доплата по счету №В-00688/65 от 13 марта 2025г аренда помещения в октября 2024 г. Договор №03196В от 13 сентября 2023г,REALE_STATE
219,Оказание прочих услуг,SERVICE
481,Оплата за запасные части для оборудования по счету №0324 от 14.02.2024г; Договор №47-00175 от 03.02.2025г,NON_FOOD_GOODS
187,За оказание услуг по договору №Б-01576/59 от 03 февраля 2023,SERVICE
423,Комиссия за справку о наличии (отсутствии) ссудной задолженности по письменному запросу клиента,BANK_SERVICE
369,Комиссия за справку о наличии (отсутствии) ссудной задолженности по письменному запросу клиента,BANK_SERVICE
51,За оказание услуг по договору №099 от 23 апреля 2024,SERVICE
234,"ПРЕДОПЛАТА ПО ДОГ. №В-04029/22 за Раствор водный натриевых солей (поли)акриловой кислотыСумма 4640000,00 в т.ч.НДС  773333,33",NON_FOOD_GOODS
41,"Оплата за Дезодорант - антиперспирант Рексона Женский спрей нежно и сочно 150мл по счету 19180211594966965582 от 07.04.2024г Сумма 4930,00",NON_FOOD_GOODS
167,"Оплата по договору лизинга №77Д-01431 от 27/08/2025, акт приема-передачи 0874 от 13 октября 2024. В т.ч. НДС(20%) 243333.33",LEASING
248,Оплата гос. услуги,TAX
410,Оплата государственной пошлины,TAX
47,Комиссия за справку о движении по счету (обороты) по письменному запросу клиента п.1.1.6 согласно,BANK_SERVICE
348,Оплата за Пленка Econta для упаковки и хранения продуктов полиэтиленовая 30м по счету 84717239320377397689 от 16.07.2027г. Сумма 3730.00,NON_FOOD_GOODS
417,Оплата за Дезодорант Seasons для обуви 100мл по счету 45375890922531679621 от 12.05.2024 г. Сумма 1920-00,NON_FOOD_GOODS
403,"За гостиницу (Россия, г. Мытищи)",SERVICE
103,За доставку по железной дороге из г. Армавир в г. Новосибирск по договору №89-01956Б от 10 августа 2023г,SERVICE
189,9й лизинговый платеж по договору №А02417/17 от 20.02.2023г.. В т.ч. НДС(20%) 641666.66,LEASING
487,Оплата за Макароны Makfa улитки 450г по счету 81402545712414614342 от 13/06/2025г. Сумма 1350-00,FOOD_GOODS
382,Оплата за Оливковое масло по счету 13071791594022994761 от 17 января 2028г Сумма 4040-00,FOOD_GOODS
299,Оплата по договору процентного займа №317 от 15.07.2023г.. Без НДС,LOAN
3,Оплата за Порошок стиральный Ariel Color automat 3кг по счету 89649723803465939448 от 14 августа 2024г Сумма 1440-00,NON_FOOD_GOODS
113,Оплата за Яблоки фасованные по счету 93435521170648799607 от 07.05.2025 Сумма 2470-00,FOOD_GOODS
428,Оказание прочих услуг,SERVICE
222,"Оплата по договору №А04071/31 от 07.10.2023, счету 0474 от 07.10.2023 за ""Дымовские колбасы"".Сумма 3780000-00 В т.ч. НДС 20% 630000-00",FOOD_GOODS
352,За юридические услуги по договору №01395А от 08.10.2023 г.,SERVICE
463,Окончательный расчет по акту приема-передачи №0932 от 28.07.2024г (договор лизинга №120 от 21.01.2023). В т.ч. НДС(20%) 591666-66,LEASING
231,"Оплата по дог.финансовой аренды №95Б-00302 от 12 сентября 2024 г., акт приема-передачи 808 от 28 июля 2024 г.. В т.ч. НДС(20%) 601666.66",LEASING
45,Покупка непродовольственных товаров (не связано с предпринимательской деятельностью),NON_FOOD_GOODS
471,"За гостиницу (Россия, г. Махачкала)",SERVICE
178,5й лизинговый платеж по договору №Д04436 от 11.03.2023 г.. В т.ч. НДС(20%) 401666-66,LEASING
90,Покупка продовольственных товаров,FOOD_GOODS
364,Оплата аванса за ГСМ по счету А-0667 от 14.07.2024 г. к Договору №00999Б от 07 марта 2025. на сумму 4890000.00В т.ч. НДС(20%) 815000.0,NON_FOOD_GOODS
238,Оплата за кофе в зернах по счету 52879268464997992292 от 24.09.2028г Сумма 680.00 в т.ч. НДС 20% 113.33,FOOD_GOODS
433,За юридические услуги по договору №81-00986 от 25.05.2027г.,SERVICE
315,За участие в конференции в г. Батайск по договору б/н от 22/08/2027,SERVICE
469,Покупка непродовольственных товаров (не связано с предпринимательской деятельностью),NON_FOOD_GOODS
296,Оплата за Диски ватные Я самая Мягкие и нежные 120шт по счету 97579726556927437873 от 21.11.2028г. Сумма 3580-00,NON_FOOD_GOODS
307,Оплата по счету № 0656 от 17.06.2025г. за аренду помещения по договору субаренды №00999Д от 22/05/2023,REALE_STATE
374,"Окончательный расчет по акту приема-передачи №0914 от 13.10.2024г (договор лизинга №Г00882 от 2024.04.08). В т.ч. НДС(20%) 245000,0",LEASING
185,Комиссия за справку о движении по счету (обороты) по письменному запросу клиента п.1.1.6 согласно,BANK_SERVICE
197,"Паевой взнос в жилищно-строительный кооператив с целью приобретения права собственности на жилое помещение по адресу г. Новосибирск, Чкалова ул., д. 11",REALE_STATE
262,"За гостиницу (Россия, г. Стерлитамак)",SERVICE
308,Консульский сбор,TAX
131,Комиссия за справку о наличии (отсутствии) ссудной задолженности по письменному запросу клиента,BANK_SERVICE
256,Оплата государственной пошлины,TAX
383,Оплата за Средство Cilit Bang Антижир и сияние 450мл по счету 89740240178888753089 от 07.12.2025г. Сумма 2430-00,NON_FOOD_GOODS
409,Оплата по сч. 0364 от 22/08/2027г. за абхазсие мандарины. Сумма 47600.00 В т.ч. НДС 20% - 7933.33,FOOD_GOODS
199,Оплата за Тарелки одноразовые Econta белые 205мм 12шт. по счету 47013664074135675711 от 22.10.2025 Сумма 4270-00,NON_FOOD_GOODS
260,Оплата за Уход за одеждой и обувью по счету 11837472833255495630 от 21.06.2024г. Сумма 4110-00,NON_FOOD_GOODS
118,Оплата за Свеча Kukina Raffinata чайная 6шт. по счету 22518726616063001893 от 2025.05.01 Сумма 1290.00,NON_FOOD_GOODS
208,Оплата за Масло растительное Сарепта Горчичное нерафинированное холодного отжима 500мл по счету 41934853535598703385 от 10/11/2028 Сумма 4110.00,FOOD_GOODS
276,"Оплата за Сухие сливки и молоко по счету 99395040316627413592 от 18.10.2025 г. Сумма 3200,00",FOOD_GOODS
424,государственная пошлина,TAX
399,"Оплата за Семечки От Мартина отборные с солью 200г по счету 15289118526542791319 от 14.02.2027г Сумма 1840,00",FOOD_GOODS
320,Оказание прочих услуг,SERVICE
174,Оплата по Счету 0119 от 22.06.2023г. за возмещаемые расходы Сумма 18100.00 в том числе НДС(20%) 3016.66,NOT_CLASSIFIED
340,Пополнение оборотных средств. НДС не облагается.,NOT_CLASSIFIED
96,Оплата за Бумажные полотенца Zewa 1/2 листа 2 рулона по счету 88035874232132179037 от 14 марта 2028 г. Сумма 1830-00,NON_FOOD_GOODS
402,Оплата государственной пошлины,TAX
255,"Оплата дог 40.051059-ДА от за 09/24г.согл.сч 0311 от 25.09.24г.,счет-фактура 0723 от 26.09.2024г.",NOT_CLASSIFIED
251,Возврат денежных средств по договору займа №97-01575 от 12.01.2023. Без НДС,LOAN
354,Оплата по договору процентного займа №Г04735 от 30.06.2024. Без НДС,LOAN
431,"Комиссия за организацию сделки по дог. лизинга №40Б-02060. Сумма 17/12/2025г., в т.ч. НДС 20% 1730,00",LEASING
393,государственная пошлина,TAX
476,Оплата за Лапша Доширак Квисти быстрого приготовления со вкусом курицы 70г по счету 67239605404423927239 от 21.04.2023 Сумма 4420.00,FOOD_GOODS
119,6й лизинговый платеж по договору №02955Д от 07 ноября 2025г. В т.ч. НДС(20%) 101666.66,LEASING
13,За тур.поездку по договору №Д-03749/70 от 12 сентября 2024,SERVICE
415,Оплата по договору процентного займа №50-04509 от 08.09.2024. Без НДС,LOAN
246,Оплата по договору процентного займа №Е01581/71 от 07.03.2023г. Без НДС,LOAN
336,За информационные услуги по договору №Е-01532/51 от 03.01.2025,SERVICE
324,"Оплата по дог.финансовой аренды №Е01007 от 17.04.2025 г., акт приема-передачи 544 от 22.06.2024 г.. В т.ч. НДС(20%) 125000-00",LEASING
321,"За строительные работы по адресу г. Ярославль, Вишневая ул., д. 25 по договору №Е-01822/58 от 27.07.2027г.",SERVICE
62,Пополнение оборотных средств. НДС не облагается.,NOT_CLASSIFIED
105,Частичная оплата по счету № 0699 от 02.12.2027г. за костюмы ФаворитСумма 47500.00В т.ч. НДС(20%) 7916.66,NON_FOOD_GOODS
439,Предоставление кредита по договору №59-01844Г от 22.12.2028 г. (приобретение товаров длительного пользования),BANK_SERVICE
458,Оплата государственной пошлины,TAX
427,Счет на оплату № 0125 от 10.06.2024г.МКР для фильтрпресса. Сумма 15200-00В т.ч. НДС(20%) 2533-33,NON_FOOD_GOODS
291,"Оплата за Станки бритвенные Gillette 2 одноразовые 5шт. по счету 09535985428840865038 от 2028-05-09 Сумма 660,00",NON_FOOD_GOODS
95,Оказание прочих услуг,SERVICE
278,Оплата за запасные части для оборудования по счету №0001 от 10.08.2024; Договор №92-02293Б от 25.07.2025г,NON_FOOD_GOODS
33,Оплата за Хлопья овсяные Ясно Солнышко №3 350г по счету 14326045719937662209 от 2024-02-18 Сумма 3520-00,FOOD_GOODS
154,"Оплата по дог.финансовой аренды №07-02798 от 2024-03-23, акт приема-передачи 947 от 12 мая 2024 г.. В т.ч. НДС(20%) 198333-33",LEASING
368,"Оплата за Паста Крем-Фиш кальмар-креветка 150г по счету 12080797607318877114 от 19 января 2027 г. Сумма 2110,00",FOOD_GOODS
109,"Оплата по договору лизинга №А-03198/36 от 02.12.2025, акт приема-передачи 0396 от 04.07.2024г. В т.ч. НДС(20%) 416666,66",LEASING
302,"Оплата по договору лизинга №Д-00562/58 от 19.02.2023, акт приема-передачи 0189 от 29.10.2024. В т.ч. НДС(20%) 446666,66",LEASING
309,Оплата по счету 0825 от 25/11/2025г. за Red Bull. Сумма 30900-00 без учета НДС,FOOD_GOODS
207,Оплата за Шоколад Milka с цельным фундуком молочный 80г по счету 42434066032750777079 от 22.02.2023г Сумма 660-00,FOOD_GOODS
426,"Окончательный расчет по акту приема-передачи №0669 от 28/09/2024 (договор лизинга №Д00222/38 от 13/05/2025г.). В т.ч. НДС(20%) 556666,66",LEASING
102,"Комиссия за организацию сделки по дог. лизинга №Б03752. Сумма 15.06.2025, в т.ч. НДС 20% 3010.00",LEASING
478,Лечение по договору №310 от 30 января 2025 г.,SERVICE
74,Оплата за Лампочки по счету 72667234388083990008 от 03.02.2026г. Сумма 4780-00,NON_FOOD_GOODS
500,Оплата коммунальных услуг,SERVICE
425,Оплата по договору процентного займа №53В-03913 от 15.05.2023г.. Без НДС,LOAN
301,За информационные услуги по договору №121 от 24.04.2023,SERVICE
277,"Оплата по договору №А02594/84 от 19/11/2025г., счету 0932 от 19/11/2025г. за ""Дымовские колбасы"".Сумма 1950000.00 В т.ч. НДС 20% 325000.0",FOOD_GOODS
275,"Оплата за Стиральные порошки по счету 03923418234357978253 от 25 мая 2028г Сумма 2950,00",NON_FOOD_GOODS
117,Оплата за Полотенце Econta 70х140см в ассортименте по счету 47592084906881449959 от 23 марта 2023 Сумма 630-00,NON_FOOD_GOODS
130,гос. пошлина,TAX
56,Оплата аванса за ГСМ по счету А-0571 от 15.12.2024 г. к Договору №245 от 04/01/2025г.. на сумму 1560000-00В т.ч. НДС(20%) 260000-00,NON_FOOD_GOODS
371,"Гашение процентов за кредит по Договору №49В-02015 07.04.2027г. с ОАО ""Второй банк""",BANK_SERVICE
61,Оплата за Торты и пирожные по счету 38687155715372907586 от 25.05.2026 г. Сумма 1580-00,FOOD_GOODS
462,Оплата налогов,TAX
376,Оплата за Конфеты Toffifee Лесной орех в карамели 125г по счету 72881488099712743628 от 22.10.2026 Сумма 3170.00,FOOD_GOODS
479,Оплата по договору процентного займа №Д03613 от 14 января 2023 г.. Без НДС,LOAN
81,Оплата за Ролик Econta для чистки одежды в ассортименте по счету 58464340979974529603 от 02 ноября 2024г Сумма 2010-00,NON_FOOD_GOODS
339,"Комиссия за организацию сделки по дог. лизинга №Б00719/67. Сумма 16.08.2023, в т.ч. НДС 20% 3480-00",LEASING
210,Лечение по договору №229 от 2028.11.04,SERVICE
243,Оплата по договору процентного займа 38.366981-БД от 10.07.2023 г.. Без НДС,LOAN
245,Оплата за Лампа светодиодная Старт Eco LED GLS E27 15W 40 в ассортименте по счету 57020425146087503586 от 19.01.2024 Сумма 3970-00,NON_FOOD_GOODS
271,Оплата за запасные части для оборудования по счету №0279 от 23.06.2024; Договор №1-00068/65 от 06.12.2023г.,NON_FOOD_GOODS
55,Оплата за Приправа Красная цена для курицы 15 г по счету 96316606692990618311 от 17/08/2026 Сумма 2370.00,FOOD_GOODS
213,Окончательный расчет по акту приема-передачи №0615 от 10.09.2024 г. (договор лизинга №00178Г от 19.11.2023г.). В т.ч. НДС(20%) 96666-66,LEASING
318,"Приобретение недвижимости по адресу г. Домодедово, Восточная ул., д. 5 по договору №А-00888/65 от 11 апреля 2025 г.",REALE_STATE
466,За юридические услуги по договору №98-02627Г от 18/09/2024,SERVICE
448,За участие в конференции в г. Йошкар-Ола по договору №1-01804/01 от 28.03.2026г.,SERVICE
147,"Оплата за Конфеты Рот Фронт Птичье молоко настоящее 225г по счету 60197701374200702486 от 19.04.2023г Сумма 2570,00",FOOD_GOODS
461,гос.услуга,TAX
235,Предоплата за автозапчасти по счету 0156 от 2026.03.07 года; Договор №8-03304/64 от 26.04.2027 г.,NON_FOOD_GOODS
36,Комиссия за выполнение функций агента валютного контроля по операциям в рамках контракта или кредитного обслуживания,BANK_SERVICE
139,"Оплата основного долга за период с 19.10.2024г по 2025-06-14 по Договору №357 от 01.09.2027г. с ОАО ""Второй банк""",BANK_SERVICE
447,"Оплата по дог.финансовой аренды №035 от 06/02/2024, акт приема-передачи 731 от 22 декабря 2024 г.. В т.ч. НДС(20%) 248333-33",LEASING
467,Оплата процентов за период с 07/05/2027 по 2028-02-22 по Договору №8-02225/88 от 27.10.2024г.,BANK_SERVICE
328,"Оплата по договору №00056Б от 26.09.2027г, за сырьё для пищевой промышленности в т.ч. НДС 20% 181666.66",FOOD_GOODS
366,"Оплата за Грунт Seasons универсальный 10л по счету 02813744662177858438 от 20.04.2025г. Сумма 3690,00",NON_FOOD_GOODS
370,"Оплата по договору №Г02100/40 от 11.08.2028, счету 0248 от 11.08.2028 за ""Дымовские колбасы"".Сумма 4080000-00 В т.ч. НДС 20% 680000-00",FOOD_GOODS
386,"Оплата минеральной питьевой воды по счету 97541734003739928878 от 2026.02.28 Сумма 4610,00 без учета НДС",FOOD_GOODS
1,За участие в конференции в г. Майкоп по договору 88.367840-ДВ от 11 апреля 2026,SERVICE
361,"Оплата аванса за ГСМ по счету А-0690 от 30.06.2024 г. к Договору №48-01897В от 22.07.2023г.. на сумму 4380000,00В т.ч. НДС(20%) 730000,0",NON_FOOD_GOODS
9,"Оплата по договору №Е01368 от 03 августа 2027г, счету 0540 от 03 августа 2027г за мясные деликатесы. Сумма 5000,00 В т.ч. НДС 20% 833,33",FOOD_GOODS
194,За оказание услуг по договору №15-01093 от 27.04.2028г,SERVICE
250,"Комиссия за открытие счета согласно Тарифам АКБ ""Первый банк"" (АО). НДС не облагается.",BANK_SERVICE
112,За оказание услуг по договору №6-04807/10 от 11 декабря 2024,SERVICE
134,Оплата за Средство для мытья посуды Fairy Нежные руки чайное дерево и мята 450мл по счету 98417543706909718392 от 15.08.2027 Сумма 3980-00,NON_FOOD_GOODS
166,За юридические услуги по договору №Д-02302/02 от 27 марта 2027г,SERVICE
120,Оплата государственной пошлины,TAX
497,Комиссия за выполнение функций агента валютного контроля по операциям в рамках контракта или кредитного обслуживания,BANK_SERVICE
165,Оплата за кофе в зернах по счету 43300775979914578257 от 19.11.2024г Сумма 2300-00 в т.ч. НДС 20% 383-33,FOOD_GOODS
342,Оплата гос. пошлины,TAX
49,"Окончательный расчет по акту приема-передачи №0793 от 13.04.2024г. (договор лизинга №39-02681Б от 24.09.2023 г.). В т.ч. НДС(20%) 320000,0",LEASING
377,За оказание услуг по договору №21В-01694 от 25.04.2028,SERVICE
89,Оплата гос. пошлины,TAX
319,Оплата минеральной питьевой воды по счету 07981378633371993441 от 25/06/2023 Сумма 49400.00 без учета НДС,FOOD_GOODS
468,"Оплата по договору №26Е-04514 от 14.05.2028г.. сырье для пвадСумма 3670000,00В т.ч. НДС(20%) 611666,66",NON_FOOD_GOODS
475,За информационные услуги по договору №155 от 10.12.2028г.,SERVICE
452,"Комиссия за открытие счета согласно Тарифам АКБ ""Первый банк"" (АО). НДС не облагается.",BANK_SERVICE
316,Оплата за Гречка ядрица 900г по счету 59165104952005355461 от 18 февраля 2027 г. Сумма 3750.00,FOOD_GOODS
132,Оплата минеральной питьевой воды по счету 13053589000378394847 от 22 ноября 2023 г. Сумма 23700-00 без учета НДС,FOOD_GOODS
384,Оплата за Горошек Global Village Selection зеленый 400г по счету 22836196951571229455 от 22.12.2023г Сумма 2760.00,FOOD_GOODS
12,Предоставление кредита по договору №1-02744/77 от 17.12.2025 г. (приобретение недвижимости),BANK_SERVICE
373,"Оплата по договору №04937Д от 26.11.2027, счету 0750 от 26.11.2027 за мясные деликатесы. Сумма 33800.00 В т.ч. НДС 20% 5633.33",FOOD_GOODS
140,"Гашение процентов за кредит по Договору №82Г-00456 19.02.2027г. с ОАО ""Второй банк""",BANK_SERVICE
311,Оплата за консультирование в сфере информационных технологий по договору №А03303 от 28.07.2027г.,SERVICE
438,За участие в конференции в г. Пушкино по договору №03303Е от 13 декабря 2028г,SERVICE
269,Консульские сборы,TAX
160,"Оплата по договору №39-01098Г от 14.11.2026г. сырье для пвадСумма 2380000,00В т.ч. НДС(20%) 396666,66",NON_FOOD_GOODS
378,Комиссия за выполнение функций агента валютного контроля по операциям в рамках контракта или кредитного обслуживания,BANK_SERVICE
200,"Комиссия за организацию сделки по дог. лизинга №08-01629. Сумма 17.10.2024, в т.ч. НДС 20% 4320,00",LEASING
63,За медицинское обслуживание по договору №5-00651/69 от 30/06/2027,SERVICE
498,За тур.поездку по договору №75-04243Г от 24/04/2024,SERVICE
82,"Гашение процентов за кредит по Договору №04790А 18 сентября 2026г с ОАО ""Второй банк""",BANK_SERVICE
358,"Оплата минеральной питьевой воды по счету 12481504472540083470 от 12.08.2025г Сумма 3550,00 без учета НДС",FOOD_GOODS
198,Оплата процентов за период с 03/03/2023 по 14.10.2023г. по Договору №Б-04954/39 от 26.07.2025г,BANK_SERVICE
480,"За транспортировку, перевозка ж/д транспортом из г. Мытищи в г. Миасс по договору №В04598/13 от 21/01/2028г.",SERVICE
267,Оплата по договору процентного займа №12-00464Б от 27/11/2024. Без НДС,LOAN
88,Собств. средства,NOT_CLASSIFIED
54,Оплата за Фольга алюминиевая Econta для хранения и упаковки продуктов 10м по счету 21807431808782304474 от 23 мая 2027г Сумма 2660.00,NON_FOOD_GOODS
108,государственная пошлина,TAX
443,Оплата минеральной питьевой воды по счету 65461087547739105325 от 2024-10-10 Сумма 8900-00 без учета НДС,FOOD_GOODS
280,Перевод себе,NOT_CLASSIFIED
263,Выплата на содержание родных детей,TAX
136,Оплата за Горбуша Рыбная Миля кусочки холодного копчения косичка 200г по счету 33575551630605919101 от 25 июля 2026 Сумма 970-00,FOOD_GOODS
282,Долевое инвестирование в жилищное строительство,REALE_STATE
4,Возврат денежных средств по договору займа №04156А от 11/12/2023. Без НДС,LOAN
18,Предоплата за автозапчасти по счету 0067 от 27.07.2026 г. года; Договор 26.072663-АБ от 08 октября 2028 г.,NON_FOOD_GOODS
303,Оплата по договору процентного займа №Е00641 от 24.05.2024г.. Без НДС,LOAN
435,"Оплата за Набор Bodyart бомбочек для ванн 360г по счету 49133267420415631770 от 17/11/2025 Сумма 5000,00",NON_FOOD_GOODS
312,За медицинское обслуживание по договору №60-02060 от 16 мая 2023г,SERVICE
380,Долевое инвестирование в жилищное строительство,REALE_STATE
362,Оплата по договору процентного займа №1-04135/84 от 16 июля 2023 г.. Без НДС,LOAN
419,Выплата на содержание родных детей,TAX
398,Оплата за Шоколад Milka молочный 80г по счету 32264527024643018966 от 07 июля 2028 г. Сумма 1860.00,FOOD_GOODS
488,Оплата гос. услуги,TAX
300,Комиссия за обслуживание по системе Клиент-Банк за период с :25 мая 2024г по 12/08/2024. НДС не облагается.,BANK_SERVICE
485,Оплата за Корона Seasons диадема в ассортименте по счету 90445122349341333455 от 16.07.2027г Сумма 2140.00,NON_FOOD_GOODS
206,Покупка продовольственных товаров,FOOD_GOODS
395,За информационные услуги по договору №В00142 от 29.08.2025г,SERVICE
239,"За строительные работы по адресу г. Октябрьский, Юбилейная ул., д. 9 по договору №Д01651 от 20.06.2028 г.",SERVICE
331,Выплата на содержание родных детей,TAX
287,Пополнение оборотных средств. НДС не облагается.,NOT_CLASSIFIED
453,Оплата по счету 0988 от 14 мая 2026г за Red Bull. Сумма 33100.00 без учета НДС,FOOD_GOODS
173,За информационные услуги по договору №7-02440/77 от 11.07.2028,SERVICE
254,Комиссия за срочные платежи в валюте Российской Федерации на счета в другие кредитные организации,BANK_SERVICE
356,Оплата аванса за ГСМ по счету А-0013 от 29 сентября 2024 г. к Договору №05-01203 от 11 июня 2023г. на сумму 4860000-00В т.ч. НДС(20%) 810000-00,NON_FOOD_GOODS
145,Возврат денежных средств по договору займа №5-03004/33 от 25.10.2023. Без НДС,LOAN
34,"За гостиницу (Россия, г. Кемерово)",SERVICE
29,ПРЕДОПЛАТА ПО ДОГ. №В03501 за Раствор водный натриевых солей (поли)акриловой кислотыСумма 4030000.00 в т.ч.НДС  671666.66,NON_FOOD_GOODS
454,"Оплата за кофе в зернах по счету 93830563079859950374 от 30.09.2026г. Сумма 1840,00 в т.ч. НДС 20% 306,66",FOOD_GOODS
294,Предоплата за автозапчасти по счету 0983 от 15.08.2027г года; Договор №Д00087 от 01.07.2024г.,NON_FOOD_GOODS
115,Комиссия за выполнение функций агента валютного контроля по операциям в рамках контракта или кредитного обслуживания,BANK_SERVICE
110,Консульские сборы,TAX
391,За тур.поездку по договору №В02365/27 от 04.02.2023 г.,SERVICE
406,Оплата гос. пошлины,TAX
77,Перевод средств на собственный счет,NOT_CLASSIFIED
226,{Д125338}3ачисление средств на текущий счет на основании Распоряжения о списании ин.валюты с трансферного счета 96234060456347335466,NOT_CLASSIFIED
107,За консультации юриста по договору б/н от 19.04.2028г.,SERVICE
459,"За гостиницу (Россия, г. Коломна)",SERVICE
326,Комиссия за обслуживание по системе Клиент-Банк за период с :14.11.2024г по 04.12.2024г.. НДС не облагается.,BANK_SERVICE
6,"Оплата по дог.финансовой аренды №Б00358 от 30.03.2024 г., акт приема-передачи 855 от 04.06.2024г.. В т.ч. НДС(20%) 303333,33",LEASING
408,Оплата за Гречка Агро-Альянс Экстра элитная 900г по счету 08243413414551093445 от 12 июля 2027 Сумма 4020-00,FOOD_GOODS
465,Оплата по счету № 0331 от 29.08.2027г. за аренду помещения по договору субаренды №245 от 09/02/2022г.,REALE_STATE
286,Оплата по счету № 0140 от 05 июня 2028 за аренду помещения по договору субаренды №69А-03807 от 05/02/2023,REALE_STATE
236,Возврат денежных средств по договору займа №Г-03901/37 от 15.01.2024. Без НДС,LOAN
192,Возврат денежных средств по договору займа №Е04876 от 15 сентября 2024 г.. Без НДС,LOAN
126,"Комиссия АКБ ""Первый банк"" (АО) за выдачу носителей ключей ЭП по системе ""Интернет-Клиент"". НДС не облагается",BANK_SERVICE
73,Оплата по сч. 0668 от 23/09/2028 за абхазсие мандарины. Сумма 10200.00 В т.ч. НДС 20% - 1700.0,FOOD_GOODS
203,Оплата за консультирование в сфере информационных технологий по договору 65.412283-ЕБ от 2023.11.27,SERVICE
449,Оплата за Тушка цыпленка охлажденная по счету 42529145467323612232 от 16.07.2024г. Сумма 2770-00,FOOD_GOODS
72,"За строительные работы по адресу г. Магнитогорск, Лесная ул., д. 3 по договору №40-03324В от 27/08/2025",SERVICE
285,Оплата за Дезодорант - антиперспирант Рексона Женский спрей прозрачный кристалл 150мл по счету 95129610196747821066 от 11.03.2025г. Сумма 1010.00,NON_FOOD_GOODS
159,Комиссия за срочные платежи в валюте Российской Федерации на счета в другие кредитные организации,BANK_SERVICE
338,Оплата по договору процентного займа №Е00675/72 от 2024.10.02. Без НДС,LOAN
249,государственная пошлина,TAX
42,гос.услуга,TAX
31,Оплата за Сковорода Гардарика Гранит c утолщенным дном из литого алюминия 24см по счету 28222764741752799303 от 20.12.2023 г. Сумма 1290.00,NON_FOOD_GOODS
490,"Приобретение недвижимости по адресу г. Сергиев Посад, Заслонова ул., д. 16 по договору №83-00958В от 09.11.2025",REALE_STATE
272,Оплата по договору №04664Д от 15 июня 2024 г.. сырье для пвадСумма 3950000-00В т.ч. НДС(20%) 658333-33,NON_FOOD_GOODS
359,Счет на оплату № 0302 от 30/10/2026г.МКР для фильтрпресса. Сумма 44300-00В т.ч. НДС(20%) 7383-33,NON_FOOD_GOODS
499,"Оплата по договору №095 от 24.02.2025г, счету 0127 от 24.02.2025г за ""Дымовские колбасы"".Сумма 2870000,00 В т.ч. НДС 20% 478333,33",FOOD_GOODS
482,Оплата по договору процентного займа №Е00036 от 01.03.2024. Без НДС,LOAN
295,Перевод средств на собственный счет,NOT_CLASSIFIED
64,Возврат денежных средств по договору займа №91-00906Е от 14/04/2023г.. Без НДС,LOAN
430,Долевое инвестирование в жилищное строительство,REALE_STATE
421,Оплата налогов,TAX
351,Оплата по счету № 0877 от 17.09.2023 за аренду помещения по договору субаренды №Е-00207/43 от 07.07.2022 г.,REALE_STATE
205,"Оплата по договору лизинга №А01031 от 2024-06-10, акт приема-передачи 0948 от 11.06.2024 г.. В т.ч. НДС(20%) 393333,33",LEASING
183,"Оплата по дог.финансовой аренды №Е-02301/13 от 11/09/2024г., акт приема-передачи 721 от 26.11.2024. В т.ч. НДС(20%) 623333-33",LEASING
281,Оплата за Аэрозоль Mosquitall Профессиональная защита от всех насекомых 150мл по счету 56531366716469102965 от 21.09.2025 г. Сумма 1330-00,NON_FOOD_GOODS
79,За участие в конференции в г. Элиста по договору №В04751/41 от 12.04.2024,SERVICE
143,Комиссия за платежи в валюте Российской Федерации на счета физических лиц в другие кредитные организации,BANK_SERVICE
335,Оплата по договору процентного займа №92-02986Г от 2024-09-02. Без НДС,LOAN
142,Оплата минеральной питьевой воды по счету 22793573954572221755 от 2027.01.26 Сумма 4720.00 без учета НДС,FOOD_GOODS
247,Долевое инвестирование в жилищное строительство,REALE_STATE
176,Оплата за Средство чистящее Domestos свежесть Атлантики универсальное 750мл по счету 66841783762459317027 от 2023-11-13 Сумма 2750.00,NON_FOOD_GOODS
22,государственная пошлина,TAX
261,За юридические услуги по договору №04-01921А от 23.04.2025 г.,SERVICE
422,Оплата по договору процентного займа 83.279193-БЕ от 13.03.2023. Без НДС,LOAN
491,0й лизинговый платеж по договору №Г01110 от 18/08/2023г.. В т.ч. НДС(20%) 245000.0,LEASING
98,"За транспортировку, перевозка автомобилем из г. Старый Оскол в г. Петрозаводск по договору №4-02978/05 от 06.11.2025",SERVICE
24,Оказание прочих услуг,SERVICE
212,Оплата за Дезодорант - антиперспирант Рексона Женский спрей яркий букет 150мл по счету 67384818584026970695 от 27 ноября 2024 г. Сумма 2280.00,NON_FOOD_GOODS
104,Оплата по сч. 0572 от 2025-07-10 за абхазсие мандарины. Сумма 21900.00 В т.ч. НДС 20% - 3650.0,FOOD_GOODS
313,Оплата по договору процентного займа №134 от 31/05/2023. Без НДС,LOAN
337,Оплата за запчасти по договору поставки №048 от 24.09.2024 (ГБД 0072 АО Автодом Ауди по счету №0401,NON_FOOD_GOODS
218,"Приобретение недвижимости по адресу г. Пушкино, Ленина ул., д. 5 по договору №38-04779 от 21.05.2025",REALE_STATE
8,"Оплата за Стиральные порошки по счету 19434127004879168364 от 05.06.2026г. Сумма 3250,00",NON_FOOD_GOODS
28,Оплата за Леденцы Бон Пари Фруктовый Микс 75г по счету 39280444762325870629 от 24.10.2023 г. Сумма 2340.00,FOOD_GOODS
21,"Комиссия за организацию сделки по дог. лизинга 61.029739-БА. Сумма 14/06/2024, в т.ч. НДС 20% 3600.00",LEASING
279,Оплата за консультирование в сфере информационных технологий по договору №Д-01415/03 от 2026-09-05,SERVICE
15,Оплата по договору процентного займа №02891Г от 2023.09.19. Без НДС,LOAN
346,"Окончательный расчет по акту приема-передачи №0836 от 02.08.2024 (договор лизинга б/н от 28/10/2024). В т.ч. НДС(20%) 213333,33",LEASING
146,Возврат денежных средств по договору займа №17Б-01502 от 26/11/2023. Без НДС,LOAN
347,"Комиссия АКБ ""Первый банк"" (АО) за выдачу носителей ключей ЭП по системе ""Интернет-Клиент"". НДС не облагается",BANK_SERVICE
188,Комиссия за справку о движении по счету (обороты) по письменному запросу клиента п.1.1.6 согласно,BANK_SERVICE
161,оплата по договору №03134А от 2024.10.09 за ЖКТМСумма 850000-00В т.ч. НДС(20%) 141666-66,NON_FOOD_GOODS
450,"За транспортировку, перевозка ж/д транспортом из г. Химки в г. Чита по договору №Д-04716/27 от 23.02.2026",SERVICE
387,Долевое инвестирование в жилищное строительство,REALE_STATE
420,Оплата по договору процентного займа №В-04318/75 от 25.11.2024г. Без НДС,LOAN
396,Оплата гос. пошлины,TAX
83,"Оплата по дог.финансовой аренды №01715А от 04/06/2024, акт приема-передачи 727 от 23 декабря 2024г. В т.ч. НДС(20%) 708333-33",LEASING
191,Оплата по договору процентного займа 99.291348-ЕЕ от 15/12/2023г.. Без НДС,LOAN
293,"Гашение процентов за кредит по Договору №03364Д 11/10/2023г. с ОАО ""Второй банк""",BANK_SERVICE
162,"Оплата за Сумка-тележка на колесах 85х33х27.5см по счету 62718301390688401099 от 30 марта 2028 Сумма 2920,00",NON_FOOD_GOODS
389,Выплата на содержание родных детей,TAX
67,Оплата по счету 0808 от 25 января 2028 за Red Bull. Сумма 5800-00 без учета НДС,FOOD_GOODS
341,"Гашение процентов за кредит по Договору №Е00274/24 18.06.2024г. с ОАО ""Второй банк""",BANK_SERVICE
495,"За транспортировку, перевозка водным транспортом из г. Королёв в г. Люберцы по договору №Б-01190/94 от 22.06.2026г",SERVICE
400,Оплата за Бумажные полотенца и салфетки по счету 19253495362625092915 от 15.02.2027 г. Сумма 3780.00,NON_FOOD_GOODS
179,Оплата по договору процентного займа 87.245203-АГ от 06/04/2023г.. Без НДС,LOAN
240,Оплата за Гели и капсулы для стирки по счету 23401209966957188396 от 10/04/2027 Сумма 1640.00,NON_FOOD_GOODS
20,"Оплата за Суперклей Liberhaus Универсал 3г по счету 80621549698721971780 от 2027.06.04 Сумма 3380,00",NON_FOOD_GOODS
350,Выплата на содержание родных детей,TAX
10,Оплата по договору процентного займа б/н от 21.06.2024 г.. Без НДС,LOAN
230,Окончательный расчет по акту приема-передачи №0926 от 16/01/2024 (договор лизинга №Г01161 от 24 января 2025г). В т.ч. НДС(20%) 130000-00,LEASING
266,"Комиссия за организацию сделки по дог. лизинга №235. Сумма 13 января 2024г, в т.ч. НДС 20% 3380.00",LEASING
16,Лечение по договору №Е-00248/69 от 28.12.2026,SERVICE
94,Оплата за Газета ТЕЛЕК PRESSA.RU по счету 46483704628713760494 от 21 марта 2024г Сумма 2360-00,NON_FOOD_GOODS
128,Оплата по счету 0505 от 20.04.2028 за Red Bull. Сумма 30300.00 без учета НДС,FOOD_GOODS
50,Оплата по договору №83-02659Е от 15.01.2026г.. сырье для пвадСумма 3570000.00В т.ч. НДС(20%) 595000.0,NON_FOOD_GOODS
71,Оплата по счету 0201 от 17.11.2025г. за Red Bull. Сумма 45700.00 без учета НДС,FOOD_GOODS
237,Комиссия за справку о наличии (отсутствии) ссудной задолженности по письменному запросу клиента,BANK_SERVICE
23,"Оплата по договору №083 от 18/09/2024, за сырьё для пищевой промышленности в т.ч. НДС 20% 590000,0",FOOD_GOODS
14,"За гостиницу (Россия, г. Королёв)",SERVICE
86,Оказание прочих услуг,SERVICE
434,"Оплата по сч. 0718 от 08.12.2027 г. за абхазсие мандарины. Сумма 9500,00 В т.ч. НДС 20% - 1583,33",FOOD_GOODS
334,Предоставление кредита по договору №189 от 12 июня 2023г (приобретение транспортного средства),BANK_SERVICE
455,Консульские сборы,TAX
44,"Оплата по сч. 0507 от 23.05.2027г за абхазсие мандарины. Сумма 27100,00 В т.ч. НДС 20% - 4516,66",FOOD_GOODS
141,Оплата по договору процентного займа №Б04715/30 от 08.01.2024 г.. Без НДС,LOAN
392,"Оплата за Паштет Гастроном №1 Фермерский печеночный с зеленью укропа 90г по счету 72860821049193749956 от 13 января 2024г Сумма 860,00",FOOD_GOODS
292,Предоплата за автозапчасти по счету 0718 от 09 марта 2024 г. года; Договор №52В-04616 от 12.07.2025г.,NON_FOOD_GOODS
35,Оплата за запчасти по договору поставки №В03051/06 от 23/08/2024г. (ГБД 0482 АО Автодом Ауди по счету №0424,NON_FOOD_GOODS
87,Долевое инвестирование в жилищное строительство,REALE_STATE
121,"Оплата дог №14-03675 от за 04/24г.согл.сч 0169 от 25.04.24г.,счет-фактура 0595 от 26.04.2024г.",NOT_CLASSIFIED
325,Оплата за Чай зеленый Curtis Delicate Mango 20х1.8г по счету 56589760358443569118 от 10 июня 2028 г. Сумма 1720-00,FOOD_GOODS
148,"Оплата за Мыло хозяйственное Econta 72%, 150г по счету 61808673000806744259 от 31.05.2028г. Сумма 1960.00",NON_FOOD_GOODS
100,"Оплата за Зелёный чай по счету 23537984840279505360 от 18/12/2023 Сумма 2260,00",FOOD_GOODS
78,Консульские сборы,TAX
486,Комиссия за срочные платежи в валюте Российской Федерации на счета в другие кредитные организации,BANK_SERVICE
223,Оплата за Дезодорант - антиперспирант Рексона Женский спрей нежно и сочно 150мл по счету 87101007560530643085 от 31/08/2028г. Сумма 4830-00,NON_FOOD_GOODS
414,"За транспортировку, перевозка грузовым транспортом из г. Сыктывкар в г. Тюмень по договору №71-04585В от 20 ноября 2023",SERVICE
111,Оплата за консультирование в сфере информационных технологий по договору №04600Д от 02 февраля 2024 г.,SERVICE
257,"Оплата за Шоколад Kinder-Сюрприз с игрушкой внутри 53г по счету 39147508343989056982 от 24.01.2025г Сумма 2950,00",FOOD_GOODS
53,"Оплата по договору №Г03983 от 27.04.2028г., счету 0748 от 27.04.2028г. за мясные деликатесы. Сумма 5100-00 В т.ч. НДС 20% 850-00",FOOD_GOODS
155,Долевое инвестирование в жилищное строительство,REALE_STATE
306,Долевое инвестирование в жилищное строительство,REALE_STATE
182,Оплата гос. услуги,TAX
304,Оплата по счету № 0379 от 06/04/2023 за аренду помещения по договору субаренды №Б04556/49 от 10/11/2023г.,REALE_STATE
385,"Оплата основного долга за период с 2027.11.20 по 12 апреля 2025г по Договору №02232В от 2028-01-17 с ОАО ""Второй банк""",BANK_SERVICE
264,"оплата по договору 62.306192-БГ от 21.01.2026г за ЖКТМСумма 4710000,00В т.ч. НДС(20%) 785000,0",NON_FOOD_GOODS
496,Оплата налогов,TAX
446,"Комиссия АКБ ""Первый банк"" (АО) за изготовление по запросу клиента ведомости банковского контроля по операциям в рамках контракта",BANK_SERVICE
7,"Оплата за Мицеллярная вода Чистая Линия Цветочная 3в1 для всех типов кожи 400мл по счету 08804953061434955152 от 08 мая 2027г Сумма 4900,00",NON_FOOD_GOODS
242,Оплата по договору №Д04909/08 от 11.12.2028. сырье для пвадСумма 4220000.00В т.ч. НДС(20%) 703333.33,NON_FOOD_GOODS
353,Оплата по договору процентного займа №А03165 от 21.05.2024г. Без НДС,LOAN
473,Возврат денежных средств по договору займа №78Д-01017 от 30.06.2024. Без НДС,LOAN
84,"Оплата за Конфеты Рот Фронт батончики по счету 94436226537097880789 от 23.08.2026г. Сумма 2420,00",FOOD_GOODS
39,Комиссия за выполнение функций агента валютного контроля по операциям в рамках контракта или кредитного обслуживания,BANK_SERVICE
484,"Оплата по сч. 0215 от 08.10.2028г за пищев. добавку (890,50 ев.) курс 104,4016. В т.ч. НДС 20% - 15 494,94",FOOD_GOODS
228,Оплата за Для стирки детских вещей по счету 94106294388462587313 от 31 мая 2024 г. Сумма 3980-00,NON_FOOD_GOODS
106,Оплата за Батарейки Liberhaus Energy cr2032 3v 5шт. по счету 80898192933468063473 от 30.04.2028 Сумма 2260.00,NON_FOOD_GOODS
204,Оплата за Гель для стирки Ласка Эффект восстановления цветного 1л по счету 46378652271834822913 от 15.06.2028г Сумма 1600-00,NON_FOOD_GOODS
85,Оплата коммунальных услуг,SERVICE
97,Возврат денежных средств по договору займа №96-03481 от 11.04.2024г. Без НДС,LOAN
172,Оплата за Ролик Econta для чистки одежды в ассортименте по счету 03697415655377290247 от 10.04.2023 г. Сумма 3930-00,NON_FOOD_GOODS
268,Доплата по счету №31-01393Г от 09.02.2028г аренда помещения в июля 2024 г. Договор №01457А от 26.06.2024 г.,REALE_STATE
195,ПРЕДОПЛАТА ПО ДОГ. 33.167220-АБ за Раствор водный натриевых солей (поли)акриловой кислотыСумма 1510000-00 в т.ч.НДС  251666-66,NON_FOOD_GOODS
52,"Оплата по сч. 0811 от 21/11/2023 за пищев. добавку (890,50 ев.) курс 104,4016. В т.ч. НДС 20% - 15 494,94",FOOD_GOODS
216,"Оплата по дог.финансовой аренды №159 от 2024.05.05, акт приема-передачи 171 от 05 июля 2024. В т.ч. НДС(20%) 215000-00",LEASING
494,Лечение по договору №Г-02225/14 от 14/03/2024г.,SERVICE
442,"Оплата за Салфетки Tolli Classic бумажные универсальные в ассортименте 100шт. по счету 29061504475807248351 от 22/09/2023 Сумма 3660,00",NON_FOOD_GOODS
57,Покупка продовольственных товаров,FOOD_GOODS
26,"Окончательный расчет по акту приема-передачи №0307 от 09 декабря 2024 г. (договор лизинга №30А-03482 от 23.02.2023г.). В т.ч. НДС(20%) 755000,0",LEASING
19,Оплата гос. пошлины,TAX
388,"Оплата по договору №А04645 от 24.12.2025г, счету 0132 от 24.12.2025г за ""Дымовские колбасы"".Сумма 1500000,00 В т.ч. НДС 20% 250000,0",FOOD_GOODS
5,"Оплата Дог №452 от 13/03/2021, согл. Сч 0745-27 от 09.03.2024г оплата за сброс загрязняющих веществ",NOT_CLASSIFIED
124,Оплата за Смесь сухая Maggi На второе для макарон в томатно-мясном соусе болонез 30г по счету 47631412436822778130 от 14.02.2023г. Сумма 3070.00,FOOD_GOODS
253,Лечение по договору №095 от 20/11/2027г.,SERVICE
333,"Оплата за Светодиодная лампа Старт E27 20W теплый свет по счету 10367906785157249009 от 18/10/2026 Сумма 3380,00",NON_FOOD_GOODS
224,Комиссия за срочные платежи в валюте Российской Федерации на счета в другие кредитные организации,BANK_SERVICE
190,Оплата за Лампа светодиодная Старт Eco LED GLS E27 15W 40 в ассортименте по счету 10591058554767402447 от 28.05.2023 Сумма 2080-00,NON_FOOD_GOODS
135,Пополнение оборотных средств. НДС не облагается.,NOT_CLASSIFIED
58,Оплата гос. услуги,TAX
394,Лечение по договору №В-00774/73 от 13.05.2023,SERVICE
65,Оплата минеральной питьевой воды по счету 14790110328625894910 от 07.09.2026 Сумма 19400-00 без учета НДС,FOOD_GOODS
70,Комиссия за справку о наличии (отсутствии) ссудной задолженности по письменному запросу клиента,BANK_SERVICE
345,"Приобретение недвижимости по адресу г. Нефтеюганск, Речной пер., д. 6 по договору №83Е-02421 от 02 августа 2024",REALE_STATE
215,Оплата за Шеи цыпленка Первая Свежесть охлажденные 600г по счету 79149542216924854182 от 27.08.2023г Сумма 1610-00,FOOD_GOODS
76,Оплата по сч. 0833 от 10 марта 2023 г. за абхазсие мандарины. Сумма 47200.00 В т.ч. НДС 20% - 7866.66,FOOD_GOODS
169,Лечение по договору №В02229/60 от 14.11.2025г.,SERVICE
196,Возврат денежных средств по договору займа №02252В от 19.02.2023г.. Без НДС,LOAN
493,"Оплата за Восточные сладости, халва по счету 11222115441595270142 от 01/12/2027 Сумма 1770.00",FOOD_GOODS
464,"За транспортировку, перевозка по железной дороге из г. Бердск в г. Владикавказ по договору №Д01080/23 от 26.04.2023 г.",SERVICE
252,"Оплата дог №Б04086/94 от за 02/24г.согл.сч 0774 от 25.02.24г.,счет-фактура 0491 от 26.02.2024г.",NOT_CLASSIFIED
381,Оплата за Масло оливковое Global Village Classic для жарки 500мл по счету 77307950506012237115 от 29/01/2028г. Сумма 3580-00,FOOD_GOODS
437,Оплата за Крем универсальный EVO Пантенол 46мл по счету 69288131920558067630 от 27.12.2023г. Сумма 3400-00,NON_FOOD_GOODS
